epoch,time,train/box_loss,train/cls_loss,train/dfl_loss,metrics/precision(B),metrics/recall(B),metrics/mAP50(B),metrics/mAP50-95(B),val/box_loss,val/cls_loss,val/dfl_loss,lr/pg0,lr/pg1,lr/pg2
1,760.947,1.17066,1.38363,1.23247,0.412,0.13041,0.12992,0.08953,1.21264,1.4747,1.21539,0.0701245,0.0033195,0.0033195
2,1786.49,1.26272,1.61139,1.27268,0.37234,0.05711,0.06148,0.04075,1.39348,2.11628,1.35929,0.0401219,0.0066503,0.0066503
